<?xml version="1.0" encoding="UTF-8"?><rss version="2.0"><channel> <title>Pinnackl</title> <link>http://localhost</link> <description>Pinnackl ! Agrégateur d'actualités</description> <language>fr</language> <copyright>Pinnackl.eu</copyright> <managingEditor>rss@monsite-craym.eu</managingEditor> <category>Flux RSS</category> <generator>PHP/MySQL</generator> <docs>http://www.rssboard.org</docs><item><title>[Articles]Mon premier article</title><link>http://127.0.0.1/pinnacklpress/mon-premier-article</link><guid isPermaLink="true">http://127.0.0.1/pinnacklpress/mon-premier-article</guid><pubDate>Sun, 12 Jul 2015 22:04:19 +0200</pubDate><author>1</author></item><item><title>[New catagory]Another article</title><link>http://127.0.0.1/pinnacklpress/another-article</link><guid isPermaLink="true">http://127.0.0.1/pinnacklpress/another-article</guid><pubDate>Mon, 13 Jul 2015 09:50:10 +0200</pubDate><author>1</author></item><item><title>[Articles]Term of use</title><link>http://127.0.0.1/pinnacklpress/term-of-use</link><guid isPermaLink="true">http://127.0.0.1/pinnacklpress/term-of-use</guid><pubDate>Tue, 14 Jul 2015 03:19:56 +0200</pubDate><author>1</author></item><item><title>[Articles]Lorem Ipsum</title><link>http://127.0.0.1/pinnacklpress/lorem-ipsum</link><guid isPermaLink="true">http://127.0.0.1/pinnacklpress/lorem-ipsum</guid><pubDate>Tue, 14 Jul 2015 03:20:22 +0200</pubDate><author>1</author></item></channel></rss>